user_id,age,location_type,state,mobile_txn_count_6m,avg_txn_amount,txn_regularity_score,utility_consistency,has_electricity_payment,education_level,skills_completed,savings_rate_proxy,app_engagement_score,is_smallholder,farm_size_proxy,yield_risk_score,creditworthy_label,true_risk_score
AFRI_000000,24,Semi-Urban,Ibadan,290,33342.0,0.55,0.75,0,0,3,0.114,0.632,0,0.0,0.5,0,483
AFRI_000001,41,Rural,Lagos,201,44661.0,1.0,1.0,0,0,2,0.098,0.77,0,0.0,0.5,0,363
AFRI_000002,32,Semi-Urban,Lagos,383,23869.0,0.652,0.704,1,1,6,0.02,0.923,0,0.0,0.5,1,501
AFRI_000003,29,Semi-Urban,Ibadan,54,41055.0,0.898,0.411,1,2,9,0.165,0.723,0,0.0,0.5,0,566
AFRI_000004,27,Rural,Enugu,289,33136.0,0.884,0.276,1,3,4,0.043,0.573,1,3.2,0.536,0,580
AFRI_000005,18,Urban,Abuja,28,35093.0,0.681,0.808,1,2,4,0.327,0.75,0,0.0,0.5,0,388
AFRI_000006,40,Urban,Abuja,225,30468.0,0.73,0.334,1,1,2,0.297,0.779,0,0.0,0.5,1,448
AFRI_000007,26,Semi-Urban,Abuja,365,2606.0,1.0,0.368,1,3,6,0.345,0.876,0,0.0,0.5,1,811
AFRI_000008,19,Semi-Urban,Ibadan,81,29053.0,0.898,0.737,0,3,10,0.258,0.563,0,0.0,0.5,1,635
AFRI_000009,18,Urban,Lagos,140,37084.0,0.704,0.2,0,0,3,0.261,0.583,0,0.0,0.5,0,367
AFRI_000010,37,Urban,Ibadan,61,12239.0,0.487,0.919,0,3,10,0.341,0.721,0,0.0,0.5,1,522
AFRI_000011,19,Semi-Urban,Ibadan,237,44376.0,0.804,0.849,1,1,5,0.082,0.977,0,0.0,0.5,0,607
AFRI_000012,33,Semi-Urban,Port Harcourt,220,15454.0,1.0,1.0,0,2,2,0.325,0.573,0,0.0,0.5,1,612
AFRI_000013,24,Rural,Lagos,148,30893.0,0.861,0.496,1,2,6,0.301,0.908,0,0.0,0.5,1,396
AFRI_000014,33,Rural,Port Harcourt,56,39895.0,0.783,0.548,1,2,3,0.118,0.758,1,1.1,0.537,0,371
AFRI_000015,35,Urban,Kano,203,31597.0,0.536,0.824,1,1,4,0.164,0.499,0,0.0,0.5,1,549
AFRI_000016,18,Semi-Urban,Lagos,390,29180.0,0.847,0.35,1,1,7,0.365,0.812,0,0.0,0.5,1,611
AFRI_000017,18,Urban,Lagos,336,23215.0,1.0,0.767,0,3,4,0.259,0.806,0,0.0,0.5,1,729
AFRI_000018,31,Rural,Lagos,118,44144.0,0.711,0.575,0,1,2,0.246,0.473,1,5.7,0.229,0,415
AFRI_000019,19,Urban,Abuja,123,31820.0,0.544,0.469,1,2,2,0.386,0.835,0,0.0,0.5,0,335
AFRI_000020,25,Semi-Urban,Abuja,419,3708.0,0.839,0.337,1,1,9,0.46,0.37,0,0.0,0.5,1,586
AFRI_000021,37,Urban,Port Harcourt,280,17168.0,0.764,0.694,1,1,4,0.091,0.94,0,0.0,0.5,1,514
AFRI_000022,20,Semi-Urban,Port Harcourt,327,7274.0,0.518,0.656,1,2,9,0.162,0.806,0,0.0,0.5,1,495
AFRI_000023,18,Urban,Lagos,115,25391.0,0.69,0.888,1,3,6,0.372,0.56,0,0.0,0.5,1,469
AFRI_000024,39,Urban,Port Harcourt,229,3501.0,0.791,0.628,0,1,6,0.445,0.619,0,0.0,0.5,0,509
AFRI_000025,39,Semi-Urban,Abuja,299,12849.0,0.775,1.0,1,2,6,0.23,0.933,0,0.0,0.5,1,723
AFRI_000026,18,Semi-Urban,Ibadan,198,37198.0,1.0,0.93,1,1,11,0.274,0.763,0,0.0,0.5,1,618
AFRI_000027,43,Semi-Urban,Ibadan,124,13761.0,0.661,0.759,1,3,3,0.137,0.795,0,0.0,0.5,0,335
AFRI_000028,41,Rural,Ibadan,186,33327.0,1.0,0.599,1,3,4,0.154,0.855,1,2.3,0.172,1,409
AFRI_000029,37,Rural,Port Harcourt,196,5849.0,0.676,0.896,1,2,3,0.449,0.912,0,0.0,0.5,0,475
AFRI_000030,44,Urban,Kano,62,35934.0,0.624,0.678,1,1,6,0.438,0.787,0,0.0,0.5,0,446
AFRI_000031,23,Urban,Abuja,160,11182.0,0.91,0.629,0,2,5,0.359,0.619,0,0.0,0.5,0,654
AFRI_000032,36,Semi-Urban,Kano,191,32171.0,0.607,0.422,1,1,1,0.138,0.701,0,0.0,0.5,0,463
AFRI_000033,30,Urban,Port Harcourt,210,22281.0,0.76,0.494,1,2,4,0.2,0.764,0,0.0,0.5,0,529
AFRI_000034,32,Semi-Urban,Enugu,33,14310.0,1.0,0.526,1,3,7,0.115,0.665,0,0.0,0.5,0,468
AFRI_000035,21,Semi-Urban,Other,205,11479.0,0.606,0.386,1,1,0,0.143,0.406,0,0.0,0.5,0,438
AFRI_000036,30,Rural,Other,272,42413.0,1.0,0.299,1,0,1,0.211,0.656,1,7.9,0.524,0,490
AFRI_000037,44,Semi-Urban,Lagos,107,3102.0,0.734,0.728,1,2,2,0.162,0.998,0,0.0,0.5,0,456
AFRI_000038,31,Urban,Other,192,27869.0,0.462,0.837,1,1,7,0.085,0.71,0,0.0,0.5,0,581
AFRI_000039,35,Rural,Other,63,43607.0,0.734,0.556,1,2,1,0.525,0.749,1,5.3,0.462,0,454
AFRI_000040,19,Urban,Abuja,185,21115.0,0.703,0.798,1,2,3,0.365,0.683,0,0.0,0.5,1,500
AFRI_000041,19,Urban,Ibadan,254,26715.0,0.837,0.226,1,2,10,0.264,0.531,0,0.0,0.5,0,461
AFRI_000042,20,Rural,Kano,174,30539.0,0.67,0.575,0,1,11,0.192,0.695,0,0.0,0.5,0,543
AFRI_000043,31,Urban,Enugu,97,15859.0,0.637,0.62,1,2,7,0.207,0.668,0,0.0,0.5,0,528
AFRI_000044,37,Urban,Enugu,136,41696.0,0.888,0.508,1,2,9,0.289,0.769,0,0.0,0.5,1,629
AFRI_000045,30,Rural,Abuja,313,24669.0,0.604,0.481,1,0,0,0.033,0.749,0,0.0,0.5,0,395
AFRI_000046,26,Semi-Urban,Abuja,130,26913.0,0.822,1.0,1,2,9,0.115,0.447,0,0.0,0.5,1,725
AFRI_000047,41,Semi-Urban,Other,238,42116.0,0.713,0.2,1,0,1,0.226,0.552,0,0.0,0.5,0,373
AFRI_000048,23,Urban,Enugu,239,41407.0,1.0,0.664,1,2,10,0.02,0.813,0,0.0,0.5,1,669
AFRI_000049,39,Semi-Urban,Lagos,221,23581.0,0.667,0.613,1,1,4,0.312,0.712,0,0.0,0.5,1,358
AFRI_000050,23,Urban,Lagos,29,25364.0,0.498,0.731,1,0,2,0.353,0.857,0,0.0,0.5,0,537
AFRI_000051,40,Semi-Urban,Kano,104,41935.0,0.817,0.547,1,1,2,0.242,0.777,0,0.0,0.5,0,485
AFRI_000052,20,Urban,Lagos,24,11753.0,0.884,0.734,1,2,1,0.19,0.957,0,0.0,0.5,0,280
AFRI_000053,23,Semi-Urban,Enugu,82,23368.0,0.809,0.632,1,2,7,0.249,0.419,0,0.0,0.5,0,423
AFRI_000054,36,Urban,Other,24,39720.0,1.0,0.673,1,3,8,0.089,0.555,0,0.0,0.5,1,557
AFRI_000055,44,Semi-Urban,Enugu,127,37225.0,0.701,0.465,1,0,2,0.39,0.62,0,0.0,0.5,0,370
AFRI_000056,21,Semi-Urban,Port Harcourt,318,27558.0,0.538,0.53,1,1,10,0.254,0.496,0,0.0,0.5,1,549
AFRI_000057,32,Semi-Urban,Enugu,190,42047.0,1.0,0.81,1,2,9,0.148,0.957,0,0.0,0.5,1,590
AFRI_000058,21,Urban,Other,332,15948.0,0.56,0.52,1,1,4,0.349,0.599,0,0.0,0.5,1,332
AFRI_000059,28,Rural,Lagos,410,16592.0,0.69,1.0,0,1,2,0.277,0.419,0,0.0,0.5,1,700
AFRI_000060,43,Urban,Ibadan,58,9245.0,0.606,0.644,1,2,0,0.115,0.404,0,0.0,0.5,0,350
AFRI_000061,34,Urban,Kano,305,37891.0,0.453,0.834,1,2,5,0.02,0.474,0,0.0,0.5,0,558
AFRI_000062,18,Urban,Port Harcourt,74,42656.0,0.497,0.509,1,1,6,0.189,0.905,0,0.0,0.5,0,409
AFRI_000063,40,Semi-Urban,Lagos,63,16258.0,0.923,0.718,1,2,2,0.318,0.531,0,0.0,0.5,0,502
AFRI_000064,21,Rural,Kano,201,10417.0,0.857,0.612,0,0,2,0.26,0.875,1,7.3,0.1,1,432
AFRI_000065,40,Urban,Lagos,270,16516.0,0.946,0.542,1,1,9,0.37,0.606,0,0.0,0.5,1,589
AFRI_000066,31,Semi-Urban,Port Harcourt,243,19997.0,0.949,1.0,1,0,2,0.301,0.512,0,0.0,0.5,1,578
AFRI_000067,22,Urban,Enugu,165,24540.0,0.862,0.678,0,1,5,0.383,0.621,0,0.0,0.5,1,645
AFRI_000068,42,Semi-Urban,Other,182,37958.0,1.0,0.989,1,1,5,0.161,0.644,0,0.0,0.5,1,463
AFRI_000069,38,Rural,Ibadan,20,16972.0,0.855,0.465,1,1,7,0.346,0.728,0,0.0,0.5,0,375
AFRI_000070,44,Semi-Urban,Port Harcourt,210,35035.0,0.772,0.672,1,1,6,0.432,0.897,0,0.0,0.5,0,564
AFRI_000071,29,Semi-Urban,Other,235,34490.0,1.0,0.963,1,2,7,0.303,0.697,0,0.0,0.5,1,699
AFRI_000072,40,Semi-Urban,Enugu,95,41324.0,0.787,0.778,1,3,1,0.194,0.968,0,0.0,0.5,0,627
AFRI_000073,41,Urban,Port Harcourt,197,22426.0,0.984,0.698,1,1,6,0.342,0.788,0,0.0,0.5,0,515
AFRI_000074,35,Semi-Urban,Abuja,117,11634.0,0.938,0.837,1,3,3,0.226,0.705,0,0.0,0.5,1,443
AFRI_000075,42,Semi-Urban,Ibadan,74,11887.0,0.852,0.614,1,1,4,0.123,0.703,0,0.0,0.5,0,554
AFRI_000076,29,Rural,Lagos,312,35706.0,0.57,0.644,1,3,10,0.121,0.692,0,0.0,0.5,1,585
AFRI_000077,36,Semi-Urban,Lagos,116,9179.0,0.858,0.543,1,1,4,0.153,0.473,0,0.0,0.5,0,636
AFRI_000078,34,Urban,Ibadan,438,34483.0,0.835,0.497,1,1,7,0.277,0.283,0,0.0,0.5,1,605
AFRI_000079,20,Rural,Abuja,351,3041.0,0.433,0.791,1,1,11,0.196,0.448,1,4.2,0.267,1,596
AFRI_000080,34,Urban,Other,320,22406.0,0.967,0.755,1,2,10,0.269,0.831,0,0.0,0.5,1,702
AFRI_000081,18,Urban,Enugu,323,32314.0,0.84,0.869,1,2,5,0.243,0.68,0,0.0,0.5,1,694
AFRI_000082,40,Urban,Lagos,169,16078.0,0.626,0.789,1,2,11,0.243,0.719,0,0.0,0.5,0,623
AFRI_000083,41,Rural,Other,83,20302.0,0.687,0.924,0,2,5,0.241,0.788,0,0.0,0.5,1,427
AFRI_000084,39,Semi-Urban,Abuja,202,4020.0,1.0,0.517,1,1,10,0.166,0.924,0,0.0,0.5,1,623
AFRI_000085,40,Urban,Other,235,44875.0,0.489,0.2,0,2,10,0.355,0.959,0,0.0,0.5,0,406
AFRI_000086,38,Rural,Lagos,93,18795.0,0.912,0.635,0,1,0,0.07,0.984,1,4.0,0.536,0,478
AFRI_000087,37,Urban,Kano,190,41165.0,0.831,1.0,0,2,8,0.4,0.794,0,0.0,0.5,1,708
AFRI_000088,25,Urban,Enugu,224,8007.0,0.441,1.0,1,3,5,0.174,0.904,0,0.0,0.5,0,617
AFRI_000089,25,Semi-Urban,Kano,198,6064.0,0.836,0.679,1,2,9,0.081,0.722,0,0.0,0.5,1,532
AFRI_000090,24,Urban,Ibadan,378,10237.0,0.944,0.882,0,2,7,0.286,0.976,0,0.0,0.5,1,734
AFRI_000091,35,Rural,Other,187,28701.0,0.634,0.794,1,2,3,0.377,0.967,0,0.0,0.5,1,675
AFRI_000092,29,Urban,Enugu,416,22349.0,0.667,0.337,1,2,6,0.347,0.603,0,0.0,0.5,1,496
AFRI_000093,41,Rural,Abuja,140,5046.0,0.966,0.379,1,1,6,0.163,0.917,1,6.1,0.422,0,403
AFRI_000094,29,Semi-Urban,Enugu,171,25134.0,1.0,0.771,0,1,3,0.024,0.601,0,0.0,0.5,1,525
AFRI_000095,29,Urban,Enugu,37,28973.0,0.637,0.767,1,3,6,0.054,0.984,0,0.0,0.5,0,516
AFRI_000096,23,Semi-Urban,Abuja,337,5737.0,1.0,0.318,1,2,6,0.177,0.497,0,0.0,0.5,0,687
AFRI_000097,25,Semi-Urban,Ibadan,183,43687.0,0.47,0.62,0,1,9,0.454,0.598,0,0.0,0.5,0,392
AFRI_000098,25,Semi-Urban,Enugu,20,12485.0,0.517,0.347,1,1,11,0.366,0.693,0,0.0,0.5,0,477
AFRI_000099,32,Semi-Urban,Ibadan,270,6369.0,0.737,0.672,1,3,0,0.204,0.513,0,0.0,0.5,1,598
AFRI_000100,34,Semi-Urban,Ibadan,31,7953.0,0.915,0.756,1,2,1,0.271,0.313,0,0.0,0.5,0,489
AFRI_000101,38,Urban,Ibadan,273,8293.0,0.895,0.412,1,1,1,0.3,0.612,0,0.0,0.5,1,543
AFRI_000102,44,Rural,Lagos,298,27627.0,0.901,1.0,1,1,5,0.316,0.634,1,6.1,0.385,1,661
AFRI_000103,23,Urban,Port Harcourt,121,20560.0,0.609,0.854,1,1,6,0.173,0.467,0,0.0,0.5,0,388
AFRI_000104,42,Semi-Urban,Ibadan,233,17736.0,1.0,1.0,1,1,2,0.341,0.828,0,0.0,0.5,1,616
AFRI_000105,32,Semi-Urban,Abuja,290,18655.0,0.537,1.0,1,2,4,0.259,0.854,0,0.0,0.5,1,611
AFRI_000106,32,Urban,Port Harcourt,160,16796.0,0.739,0.673,1,1,10,0.106,0.721,0,0.0,0.5,1,441
AFRI_000107,35,Urban,Ibadan,86,19489.0,0.779,0.65,1,1,6,0.201,0.89,0,0.0,0.5,0,393
AFRI_000108,39,Semi-Urban,Abuja,182,29042.0,0.723,0.707,1,3,8,0.285,0.82,0,0.0,0.5,1,558
AFRI_000109,27,Rural,Abuja,227,25714.0,0.555,0.491,1,3,6,0.093,0.582,1,3.9,0.52,0,542
AFRI_000110,20,Rural,Kano,180,10928.0,0.97,1.0,1,1,8,0.258,0.71,0,0.0,0.5,1,737
AFRI_000111,39,Urban,Kano,250,2188.0,0.938,0.566,1,1,6,0.13,0.875,0,0.0,0.5,1,690
AFRI_000112,26,Urban,Enugu,398,16445.0,0.566,1.0,1,2,11,0.248,0.414,0,0.0,0.5,1,761
AFRI_000113,39,Urban,Ibadan,67,15986.0,0.875,1.0,1,1,7,0.121,0.741,0,0.0,0.5,1,542
AFRI_000114,32,Urban,Ibadan,227,19312.0,0.975,0.614,0,1,7,0.156,0.443,0,0.0,0.5,1,608
AFRI_000115,42,Semi-Urban,Port Harcourt,93,28626.0,0.785,0.612,0,2,5,0.185,0.633,0,0.0,0.5,0,349
AFRI_000116,19,Rural,Abuja,350,37400.0,0.785,0.659,1,1,5,0.25,0.71,1,2.1,0.34,1,636
AFRI_000117,37,Rural,Ibadan,172,9048.0,0.858,0.452,1,2,8,0.378,0.573,0,0.0,0.5,1,455
AFRI_000118,33,Semi-Urban,Enugu,400,15313.0,0.804,0.504,1,2,3,0.262,0.756,0,0.0,0.5,1,678
AFRI_000119,28,Semi-Urban,Other,79,17369.0,0.667,0.932,0,1,10,0.02,0.833,0,0.0,0.5,1,442
AFRI_000120,26,Urban,Other,348,35547.0,0.437,0.511,1,2,3,0.153,0.418,0,0.0,0.5,1,547
AFRI_000121,24,Semi-Urban,Other,135,19109.0,1.0,0.4,1,1,6,0.381,0.877,0,0.0,0.5,1,496
AFRI_000122,44,Urban,Lagos,239,12802.0,0.719,0.56,1,1,4,0.267,0.789,0,0.0,0.5,1,493
AFRI_000123,34,Semi-Urban,Abuja,210,23221.0,0.672,0.529,0,3,11,0.165,0.917,0,0.0,0.5,1,670
AFRI_000124,27,Semi-Urban,Other,416,7292.0,0.808,0.744,1,2,0,0.132,0.693,0,0.0,0.5,1,743
AFRI_000125,44,Semi-Urban,Lagos,88,40189.0,0.969,0.902,0,3,6,0.204,0.666,0,0.0,0.5,1,608
AFRI_000126,30,Rural,Other,171,3047.0,0.668,0.2,1,3,3,0.242,0.839,0,0.0,0.5,1,559
AFRI_000127,27,Urban,Enugu,387,43602.0,0.879,0.899,1,1,1,0.129,0.67,0,0.0,0.5,1,621
AFRI_000128,35,Urban,Kano,173,14238.0,0.853,0.693,1,2,11,0.252,0.754,0,0.0,0.5,1,573
AFRI_000129,31,Urban,Enugu,133,42524.0,0.61,0.574,0,3,7,0.18,0.852,0,0.0,0.5,0,539
AFRI_000130,38,Semi-Urban,Lagos,158,44060.0,0.451,0.762,0,0,3,0.412,0.772,0,0.0,0.5,0,408
AFRI_000131,32,Urban,Abuja,69,10788.0,0.735,0.952,1,2,0,0.223,0.349,0,0.0,0.5,0,603
AFRI_000132,24,Semi-Urban,Port Harcourt,300,34609.0,0.862,0.65,0,1,4,0.073,0.642,0,0.0,0.5,1,570
AFRI_000133,19,Urban,Ibadan,29,33792.0,0.714,0.775,1,1,8,0.362,0.685,0,0.0,0.5,0,393
AFRI_000134,19,Semi-Urban,Enugu,39,15722.0,0.867,0.58,1,3,3,0.122,1.0,0,0.0,0.5,0,428
AFRI_000135,43,Urban,Abuja,211,28452.0,0.871,0.937,0,2,3,0.151,1.0,0,0.0,0.5,1,580
AFRI_000136,37,Semi-Urban,Ibadan,263,22667.0,0.693,1.0,0,1,2,0.407,0.678,0,0.0,0.5,1,627
AFRI_000137,21,Semi-Urban,Kano,192,7914.0,0.922,0.522,0,1,10,0.02,0.827,0,0.0,0.5,1,457
AFRI_000138,18,Urban,Kano,279,23083.0,0.94,0.8,1,2,6,0.107,1.0,0,0.0,0.5,1,603
AFRI_000139,35,Urban,Ibadan,116,2552.0,0.548,0.564,1,1,4,0.313,0.599,0,0.0,0.5,0,293
AFRI_000140,38,Semi-Urban,Kano,270,32212.0,0.3,0.573,1,3,7,0.237,0.881,0,0.0,0.5,1,569
AFRI_000141,42,Semi-Urban,Abuja,161,22035.0,0.552,0.47,1,3,5,0.106,0.93,0,0.0,0.5,0,429
AFRI_000142,21,Urban,Enugu,103,28457.0,0.663,0.251,1,2,5,0.314,0.757,0,0.0,0.5,0,474
AFRI_000143,27,Rural,Abuja,395,12817.0,0.767,0.855,0,2,2,0.069,0.768,1,1.9,0.417,1,628
AFRI_000144,39,Semi-Urban,Abuja,90,44152.0,0.661,0.373,1,2,0,0.121,0.726,0,0.0,0.5,0,280
AFRI_000145,38,Urban,Ibadan,31,38474.0,0.669,1.0,1,2,5,0.333,0.579,0,0.0,0.5,0,424
AFRI_000146,20,Urban,Port Harcourt,338,23131.0,0.902,0.6,1,2,3,0.046,0.728,0,0.0,0.5,1,639
AFRI_000147,26,Semi-Urban,Port Harcourt,303,35083.0,0.909,0.663,1,1,5,0.124,0.305,0,0.0,0.5,0,543
AFRI_000148,22,Rural,Enugu,287,24265.0,0.915,0.533,1,2,6,0.083,0.812,1,4.4,0.9,0,622
AFRI_000149,30,Rural,Ibadan,133,8845.0,0.549,1.0,0,1,11,0.242,0.605,1,7.8,0.686,0,616
AFRI_000150,18,Urban,Port Harcourt,394,6826.0,0.584,0.938,1,3,10,0.362,1.0,0,0.0,0.5,1,774
AFRI_000151,22,Rural,Kano,284,37129.0,1.0,0.757,1,1,11,0.02,0.595,0,0.0,0.5,1,705
AFRI_000152,43,Urban,Port Harcourt,165,37430.0,0.707,0.599,0,1,1,0.312,0.949,0,0.0,0.5,0,556
AFRI_000153,22,Rural,Kano,369,44091.0,0.587,0.751,1,1,7,0.276,0.519,1,1.0,0.394,0,563
AFRI_000154,32,Urban,Enugu,246,34697.0,0.828,1.0,1,1,8,0.158,0.831,0,0.0,0.5,1,646
AFRI_000155,44,Urban,Abuja,100,18455.0,0.707,0.391,1,0,2,0.15,0.608,0,0.0,0.5,0,362
AFRI_000156,40,Urban,Abuja,92,43816.0,0.784,0.799,1,3,8,0.326,0.879,0,0.0,0.5,1,630
AFRI_000157,31,Urban,Port Harcourt,336,4473.0,0.68,0.306,1,0,0,0.283,0.91,0,0.0,0.5,0,487
AFRI_000158,31,Urban,Kano,139,9562.0,0.912,0.657,1,0,2,0.2,0.872,0,0.0,0.5,0,596
AFRI_000159,33,Rural,Lagos,191,6500.0,0.905,0.895,1,2,6,0.28,0.366,0,0.0,0.5,1,632
AFRI_000160,43,Urban,Other,241,42743.0,0.997,0.995,1,2,11,0.187,0.663,0,0.0,0.5,1,863
AFRI_000161,19,Urban,Lagos,366,33846.0,0.718,1.0,0,1,0,0.233,0.73,0,0.0,0.5,1,588
AFRI_000162,27,Rural,Other,112,22074.0,0.805,0.556,1,1,0,0.493,0.671,0,0.0,0.5,0,411
AFRI_000163,38,Urban,Lagos,201,23801.0,0.615,0.763,1,0,0,0.198,0.735,0,0.0,0.5,0,441
AFRI_000164,24,Semi-Urban,Abuja,286,3451.0,0.929,0.847,0,1,2,0.21,0.868,0,0.0,0.5,1,653
AFRI_000165,33,Urban,Ibadan,109,43045.0,1.0,0.574,1,0,2,0.238,0.638,0,0.0,0.5,0,513
AFRI_000166,21,Urban,Abuja,166,27440.0,0.857,0.882,1,1,8,0.234,0.742,0,0.0,0.5,1,473
AFRI_000167,28,Semi-Urban,Other,417,29170.0,1.0,0.725,1,2,10,0.311,0.75,0,0.0,0.5,1,794
AFRI_000168,29,Urban,Ibadan,340,5171.0,0.915,0.856,1,1,8,0.196,0.873,0,0.0,0.5,1,699
AFRI_000169,35,Urban,Kano,82,14825.0,0.902,0.622,1,2,11,0.392,0.994,0,0.0,0.5,1,557
AFRI_000170,41,Urban,Port Harcourt,165,20228.0,0.688,0.468,0,2,11,0.168,0.793,0,0.0,0.5,1,617
AFRI_000171,41,Rural,Lagos,40,31440.0,0.77,0.67,0,2,10,0.082,0.374,0,0.0,0.5,0,463
AFRI_000172,27,Rural,Kano,144,17612.0,0.538,0.576,1,3,8,0.02,0.69,0,0.0,0.5,1,537
AFRI_000173,22,Semi-Urban,Kano,416,25064.0,0.383,0.82,1,1,2,0.28,0.716,0,0.0,0.5,0,474
AFRI_000174,28,Semi-Urban,Port Harcourt,404,26750.0,0.884,0.642,1,1,2,0.087,0.845,0,0.0,0.5,1,520
AFRI_000175,41,Semi-Urban,Kano,174,33291.0,0.534,0.699,1,3,10,0.21,0.758,0,0.0,0.5,1,649
AFRI_000176,38,Semi-Urban,Port Harcourt,14,36048.0,0.768,0.817,1,0,2,0.176,0.537,0,0.0,0.5,0,360
AFRI_000177,40,Urban,Enugu,111,24226.0,1.0,0.281,1,3,2,0.452,0.911,0,0.0,0.5,1,510
AFRI_000178,36,Semi-Urban,Port Harcourt,248,26449.0,0.801,0.936,1,0,1,0.195,0.878,0,0.0,0.5,1,528
AFRI_000179,38,Urban,Other,203,16003.0,0.944,0.727,1,3,1,0.427,0.891,0,0.0,0.5,1,670
AFRI_000180,18,Urban,Lagos,160,34274.0,0.843,0.833,1,2,1,0.362,0.668,0,0.0,0.5,0,463
AFRI_000181,21,Urban,Ibadan,377,14817.0,0.926,1.0,1,2,2,0.314,0.35,0,0.0,0.5,1,684
AFRI_000182,27,Urban,Ibadan,377,3685.0,0.603,0.644,1,1,6,0.135,0.407,0,0.0,0.5,0,519
AFRI_000183,39,Urban,Lagos,62,38137.0,0.624,0.355,0,1,2,0.251,0.548,0,0.0,0.5,0,336
AFRI_000184,27,Semi-Urban,Ibadan,73,4622.0,0.931,0.437,1,2,7,0.314,0.81,0,0.0,0.5,0,436
AFRI_000185,31,Rural,Port Harcourt,267,28886.0,1.0,0.542,1,2,6,0.222,0.526,0,0.0,0.5,1,611
AFRI_000186,19,Urban,Other,119,40963.0,0.56,0.655,1,3,2,0.297,0.76,0,0.0,0.5,0,287
AFRI_000187,44,Rural,Enugu,184,8762.0,0.726,0.892,1,2,0,0.368,0.786,0,0.0,0.5,1,719
AFRI_000188,22,Urban,Other,120,23188.0,0.676,0.896,1,0,3,0.183,0.443,0,0.0,0.5,0,520
AFRI_000189,19,Urban,Ibadan,348,39335.0,0.692,0.864,1,2,1,0.377,0.838,0,0.0,0.5,1,657
AFRI_000190,23,Semi-Urban,Enugu,168,31175.0,0.644,1.0,0,0,0,0.101,0.379,0,0.0,0.5,0,304
AFRI_000191,39,Semi-Urban,Lagos,147,2867.0,0.546,0.491,1,1,10,0.363,0.978,0,0.0,0.5,0,337
AFRI_000192,34,Semi-Urban,Enugu,205,38785.0,0.691,0.512,1,1,4,0.236,0.896,0,0.0,0.5,0,302
AFRI_000193,29,Urban,Kano,62,30341.0,0.796,0.906,1,2,7,0.236,0.837,0,0.0,0.5,1,348
AFRI_000194,21,Rural,Abuja,432,11428.0,0.581,0.657,1,1,9,0.023,0.739,0,0.0,0.5,1,780
AFRI_000195,28,Rural,Kano,47,35296.0,0.828,0.826,1,3,8,0.116,0.785,0,0.0,0.5,1,583
AFRI_000196,32,Urban,Lagos,340,16516.0,0.955,0.629,1,3,8,0.276,0.922,0,0.0,0.5,1,710
AFRI_000197,26,Urban,Ibadan,73,19580.0,0.889,0.908,1,3,4,0.126,0.834,0,0.0,0.5,1,577
AFRI_000198,31,Urban,Ibadan,241,25898.0,1.0,0.667,1,2,0,0.355,0.628,0,0.0,0.5,1,447
AFRI_000199,42,Rural,Enugu,163,2117.0,0.833,0.798,1,2,10,0.311,0.791,1,1.7,0.455,1,583
AFRI_000200,32,Urban,Port Harcourt,446,30497.0,0.792,0.415,1,1,8,0.276,0.814,0,0.0,0.5,1,464
AFRI_000201,28,Urban,Other,189,15493.0,0.835,0.837,0,1,8,0.326,0.669,0,0.0,0.5,1,616
AFRI_000202,42,Semi-Urban,Abuja,250,29142.0,0.735,0.532,1,2,3,0.369,0.346,0,0.0,0.5,1,502
AFRI_000203,18,Urban,Port Harcourt,384,43885.0,0.605,0.844,1,0,3,0.035,1.0,0,0.0,0.5,1,763
AFRI_000204,43,Rural,Lagos,118,16858.0,0.716,0.883,1,1,1,0.269,0.458,0,0.0,0.5,0,419
AFRI_000205,31,Urban,Other,343,14343.0,0.73,0.907,0,2,3,0.344,0.851,0,0.0,0.5,1,683
AFRI_000206,42,Semi-Urban,Ibadan,190,13788.0,0.659,0.662,0,2,8,0.142,0.735,0,0.0,0.5,1,464
AFRI_000207,25,Urban,Enugu,441,1939.0,0.929,0.644,0,1,11,0.302,0.492,0,0.0,0.5,1,736
AFRI_000208,40,Semi-Urban,Other,39,15650.0,0.905,0.808,0,1,10,0.305,0.567,0,0.0,0.5,0,514
AFRI_000209,33,Urban,Ibadan,306,34292.0,0.435,0.709,1,1,0,0.029,0.861,0,0.0,0.5,1,532
AFRI_000210,23,Semi-Urban,Port Harcourt,210,23637.0,0.859,0.64,1,2,6,0.318,0.696,0,0.0,0.5,1,646
AFRI_000211,42,Urban,Port Harcourt,260,3757.0,0.684,0.579,1,1,0,0.347,0.888,0,0.0,0.5,1,501
AFRI_000212,18,Urban,Abuja,290,23540.0,0.893,0.632,0,2,2,0.213,0.796,0,0.0,0.5,1,506
AFRI_000213,36,Semi-Urban,Abuja,177,3748.0,1.0,0.689,1,1,2,0.242,0.754,0,0.0,0.5,1,639
AFRI_000214,19,Rural,Enugu,390,23316.0,0.713,0.577,1,3,6,0.176,0.737,0,0.0,0.5,1,569
AFRI_000215,44,Urban,Other,106,20228.0,0.798,0.889,0,1,1,0.438,0.585,0,0.0,0.5,0,467
AFRI_000216,32,Urban,Abuja,308,29415.0,0.951,0.999,0,1,5,0.271,0.678,0,0.0,0.5,1,645
AFRI_000217,19,Rural,Port Harcourt,344,44085.0,0.509,0.733,1,1,0,0.04,0.586,0,0.0,0.5,0,483
AFRI_000218,41,Semi-Urban,Other,31,7761.0,0.537,0.756,1,0,0,0.244,0.556,0,0.0,0.5,0,417
AFRI_000219,38,Urban,Port Harcourt,143,12414.0,0.964,0.903,1,1,3,0.479,0.524,0,0.0,0.5,0,660
AFRI_000220,30,Urban,Lagos,388,18274.0,0.763,0.839,1,1,8,0.174,0.79,0,0.0,0.5,1,641
AFRI_000221,44,Urban,Port Harcourt,280,37050.0,0.3,0.808,1,1,10,0.065,0.841,0,0.0,0.5,0,540
AFRI_000222,34,Rural,Enugu,130,33634.0,0.624,0.488,0,0,0,0.051,0.639,0,0.0,0.5,0,433
AFRI_000223,40,Rural,Kano,47,18173.0,0.421,0.668,1,1,5,0.324,0.879,0,0.0,0.5,0,333
AFRI_000224,26,Urban,Lagos,126,24917.0,0.609,0.376,1,2,7,0.17,0.969,0,0.0,0.5,0,522
AFRI_000225,23,Urban,Lagos,439,24774.0,0.819,0.575,1,2,10,0.065,0.791,0,0.0,0.5,1,818
AFRI_000226,28,Semi-Urban,Enugu,343,10636.0,0.926,0.459,0,1,5,0.187,0.657,0,0.0,0.5,1,600
AFRI_000227,30,Rural,Other,102,6304.0,0.569,0.434,0,2,6,0.323,0.545,0,0.0,0.5,0,438
AFRI_000228,31,Rural,Other,371,35707.0,0.5,0.999,1,1,0,0.192,0.548,0,0.0,0.5,0,559
AFRI_000229,39,Semi-Urban,Enugu,96,37949.0,0.826,0.814,1,2,4,0.411,0.589,0,0.0,0.5,0,329
AFRI_000230,30,Urban,Abuja,123,39039.0,1.0,0.715,1,2,0,0.409,0.6,0,0.0,0.5,1,669
AFRI_000231,19,Semi-Urban,Lagos,47,15029.0,0.658,0.535,1,1,11,0.251,0.717,0,0.0,0.5,1,392
AFRI_000232,18,Semi-Urban,Abuja,349,19416.0,0.614,0.823,1,2,0,0.286,1.0,0,0.0,0.5,1,527
AFRI_000233,24,Urban,Port Harcourt,301,23784.0,0.803,0.587,1,2,6,0.184,0.7,0,0.0,0.5,1,503
AFRI_000234,38,Urban,Lagos,291,12517.0,0.974,0.709,1,2,2,0.173,0.582,0,0.0,0.5,1,850
AFRI_000235,36,Rural,Lagos,280,21784.0,0.717,0.526,1,3,1,0.322,0.283,1,1.0,0.298,1,645
AFRI_000236,32,Urban,Ibadan,240,25819.0,0.661,0.443,1,1,10,0.137,0.542,0,0.0,0.5,1,461
AFRI_000237,28,Rural,Kano,433,10969.0,0.727,0.634,0,2,7,0.473,0.571,1,4.9,0.47,1,745
AFRI_000238,24,Semi-Urban,Other,228,2136.0,0.87,0.478,1,2,11,0.088,0.643,0,0.0,0.5,1,455
AFRI_000239,38,Semi-Urban,Lagos,254,29009.0,0.733,0.412,1,1,7,0.069,0.777,0,0.0,0.5,1,518
AFRI_000240,29,Semi-Urban,Other,414,9675.0,0.79,0.575,1,2,1,0.21,0.813,0,0.0,0.5,1,813
AFRI_000241,20,Rural,Port Harcourt,241,11289.0,0.984,0.705,1,1,10,0.037,0.827,1,6.6,0.628,1,520
AFRI_000242,25,Urban,Other,82,12984.0,1.0,0.886,1,2,1,0.196,0.642,0,0.0,0.5,1,523
AFRI_000243,24,Rural,Abuja,249,5603.0,0.492,0.844,1,3,10,0.291,0.854,1,8.0,0.603,0,609
AFRI_000244,37,Rural,Abuja,95,2126.0,0.862,0.972,1,0,2,0.195,0.711,1,3.6,0.1,0,472
AFRI_000245,36,Urban,Ibadan,83,7522.0,0.642,1.0,1,1,1,0.445,0.78,0,0.0,0.5,0,518
AFRI_000246,42,Semi-Urban,Kano,297,21282.0,0.909,0.942,1,3,4,0.361,0.611,0,0.0,0.5,1,707
AFRI_000247,39,Urban,Port Harcourt,73,36746.0,0.76,0.386,0,2,0,0.173,0.646,0,0.0,0.5,0,511
AFRI_000248,29,Semi-Urban,Abuja,39,43300.0,0.904,0.464,1,1,4,0.55,0.794,0,0.0,0.5,0,451
AFRI_000249,29,Urban,Enugu,169,32065.0,0.696,0.725,0,2,10,0.309,0.791,0,0.0,0.5,1,554
AFRI_000250,38,Rural,Port Harcourt,265,36415.0,0.788,0.736,1,1,4,0.318,0.675,0,0.0,0.5,1,538
AFRI_000251,35,Urban,Other,67,11477.0,0.616,0.299,0,1,4,0.192,0.773,0,0.0,0.5,0,391
AFRI_000252,41,Urban,Port Harcourt,48,17403.0,0.531,0.382,1,1,3,0.1,0.632,0,0.0,0.5,0,312
AFRI_000253,40,Semi-Urban,Kano,105,8285.0,0.597,1.0,1,1,11,0.206,0.692,0,0.0,0.5,0,512
AFRI_000254,27,Rural,Abuja,125,13763.0,0.6,0.428,1,2,11,0.159,0.802,0,0.0,0.5,0,575
AFRI_000255,34,Semi-Urban,Port Harcourt,59,17659.0,0.775,0.669,1,1,11,0.051,0.917,0,0.0,0.5,1,487
AFRI_000256,33,Urban,Other,215,19602.0,0.703,0.884,1,2,5,0.224,1.0,0,0.0,0.5,1,761
AFRI_000257,21,Rural,Ibadan,91,17690.0,0.721,0.484,1,1,2,0.268,0.595,1,2.6,0.315,0,408
AFRI_000258,31,Urban,Ibadan,413,17481.0,0.771,0.494,1,2,3,0.088,0.839,0,0.0,0.5,1,583
AFRI_000259,24,Semi-Urban,Abuja,407,1528.0,0.803,0.763,1,2,5,0.266,0.394,0,0.0,0.5,1,587
AFRI_000260,25,Rural,Ibadan,128,42593.0,0.876,0.72,1,2,4,0.411,0.671,0,0.0,0.5,0,496
AFRI_000261,34,Semi-Urban,Enugu,32,34971.0,0.961,0.6,0,0,0,0.236,0.633,0,0.0,0.5,0,280
AFRI_000262,37,Semi-Urban,Kano,62,3686.0,0.76,0.567,1,2,0,0.298,0.854,0,0.0,0.5,0,338
AFRI_000263,29,Semi-Urban,Ibadan,411,13726.0,0.675,0.431,1,1,10,0.449,0.874,0,0.0,0.5,1,515
AFRI_000264,38,Semi-Urban,Ibadan,65,18349.0,0.768,0.965,1,1,10,0.1,0.476,0,0.0,0.5,1,632
AFRI_000265,23,Semi-Urban,Enugu,47,38393.0,0.59,0.89,1,3,3,0.276,1.0,0,0.0,0.5,0,345
AFRI_000266,36,Urban,Kano,247,4934.0,0.455,0.594,1,2,11,0.164,0.491,0,0.0,0.5,0,553
AFRI_000267,31,Urban,Port Harcourt,309,9739.0,0.798,0.84,1,1,7,0.288,0.843,0,0.0,0.5,1,532
AFRI_000268,43,Semi-Urban,Kano,149,41049.0,0.954,0.437,1,1,2,0.12,0.352,0,0.0,0.5,0,568
AFRI_000269,23,Semi-Urban,Lagos,269,7463.0,0.89,0.982,1,1,5,0.187,0.846,0,0.0,0.5,1,715
AFRI_000270,35,Urban,Abuja,236,26147.0,0.882,0.744,1,1,0,0.198,0.652,0,0.0,0.5,0,531
AFRI_000271,38,Semi-Urban,Abuja,65,5509.0,0.494,0.777,1,2,7,0.229,0.67,0,0.0,0.5,0,459
AFRI_000272,43,Semi-Urban,Lagos,229,44285.0,0.407,0.491,0,0,3,0.039,0.734,0,0.0,0.5,0,387
AFRI_000273,42,Semi-Urban,Enugu,191,40552.0,0.704,0.712,1,2,0,0.091,0.589,0,0.0,0.5,0,412
AFRI_000274,31,Rural,Lagos,182,11124.0,0.966,0.578,1,1,0,0.116,0.585,0,0.0,0.5,0,486
AFRI_000275,40,Semi-Urban,Port Harcourt,35,42264.0,0.553,0.499,1,2,3,0.427,0.805,0,0.0,0.5,0,342
AFRI_000276,40,Semi-Urban,Port Harcourt,72,42324.0,0.644,0.729,1,2,9,0.268,0.791,0,0.0,0.5,0,607
AFRI_000277,28,Rural,Abuja,374,16938.0,1.0,0.492,1,0,2,0.276,0.377,0,0.0,0.5,1,426
AFRI_000278,19,Semi-Urban,Port Harcourt,265,15320.0,0.911,0.571,0,1,6,0.384,0.982,0,0.0,0.5,1,538
AFRI_000279,35,Urban,Abuja,230,18823.0,0.921,0.65,1,0,3,0.192,0.931,0,0.0,0.5,1,488
AFRI_000280,27,Rural,Lagos,443,25315.0,0.84,0.618,0,3,2,0.285,0.868,1,2.9,0.269,1,721
AFRI_000281,20,Rural,Lagos,169,35573.0,0.804,0.696,1,2,0,0.18,0.527,0,0.0,0.5,0,472
AFRI_000282,37,Semi-Urban,Ibadan,39,35269.0,0.921,0.721,1,2,9,0.093,0.673,0,0.0,0.5,0,589
AFRI_000283,19,Urban,Ibadan,30,37612.0,1.0,0.654,1,1,1,0.253,0.684,0,0.0,0.5,0,280
AFRI_000284,38,Semi-Urban,Lagos,153,1992.0,0.987,0.531,0,2,3,0.341,0.718,0,0.0,0.5,1,605
AFRI_000285,25,Rural,Abuja,386,23823.0,0.566,0.424,0,1,3,0.183,0.689,0,0.0,0.5,0,570
AFRI_000286,30,Rural,Lagos,400,20732.0,0.61,0.452,1,1,9,0.024,0.583,1,4.6,0.211,0,661
AFRI_000287,19,Urban,Lagos,291,8951.0,0.806,0.946,1,2,10,0.062,0.857,0,0.0,0.5,1,606
AFRI_000288,36,Semi-Urban,Other,125,30749.0,0.843,0.894,1,1,3,0.276,1.0,0,0.0,0.5,1,281
AFRI_000289,21,Rural,Enugu,178,30185.0,0.94,0.729,1,1,1,0.02,0.318,1,5.5,0.9,0,467
AFRI_000290,41,Rural,Lagos,13,27739.0,0.681,0.313,1,1,0,0.239,0.934,1,5.0,0.609,0,316
AFRI_000291,28,Rural,Port Harcourt,190,43426.0,0.873,0.668,1,2,5,0.254,0.522,1,0.8,0.238,1,611
AFRI_000292,25,Urban,Abuja,365,2095.0,0.743,0.639,0,2,0,0.181,0.937,0,0.0,0.5,1,774
AFRI_000293,42,Rural,Enugu,294,36560.0,0.727,0.423,0,1,4,0.259,0.393,1,3.5,0.715,0,436
AFRI_000294,21,Semi-Urban,Ibadan,146,31856.0,0.77,0.714,1,2,1,0.035,0.806,0,0.0,0.5,0,491
AFRI_000295,22,Semi-Urban,Kano,123,7058.0,0.648,0.664,1,3,6,0.02,0.845,0,0.0,0.5,0,532
AFRI_000296,37,Semi-Urban,Abuja,265,35422.0,0.585,0.978,1,0,2,0.38,0.753,0,0.0,0.5,1,431
AFRI_000297,22,Urban,Port Harcourt,108,18461.0,0.546,0.666,0,2,5,0.39,0.25,0,0.0,0.5,1,476
AFRI_000298,43,Semi-Urban,Abuja,138,19018.0,0.967,0.931,1,0,2,0.321,0.939,0,0.0,0.5,1,432
AFRI_000299,37,Semi-Urban,Ibadan,269,20028.0,0.872,0.921,1,1,4,0.144,0.844,0,0.0,0.5,1,472
AFRI_000300,43,Urban,Port Harcourt,35,14466.0,0.916,0.514,1,2,2,0.362,1.0,0,0.0,0.5,0,356
AFRI_000301,44,Rural,Port Harcourt,107,23169.0,0.553,0.864,1,2,0,0.225,0.788,0,0.0,0.5,1,513
AFRI_000302,29,Urban,Kano,136,24543.0,0.808,0.719,1,2,5,0.367,0.487,0,0.0,0.5,1,478
AFRI_000303,31,Urban,Abuja,367,42161.0,0.657,0.605,1,3,9,0.203,0.965,0,0.0,0.5,1,615
AFRI_000304,20,Semi-Urban,Other,433,42436.0,0.725,0.913,1,0,2,0.135,1.0,0,0.0,0.5,1,625
AFRI_000305,40,Urban,Kano,16,29721.0,1.0,0.561,1,1,3,0.119,0.614,0,0.0,0.5,0,411
AFRI_000306,21,Urban,Other,237,10849.0,0.728,0.59,0,0,3,0.242,0.974,0,0.0,0.5,0,409
AFRI_000307,31,Urban,Kano,175,14390.0,0.737,0.663,1,2,0,0.02,0.759,0,0.0,0.5,0,280
AFRI_000308,39,Semi-Urban,Abuja,117,41337.0,0.499,0.458,0,2,9,0.405,0.41,0,0.0,0.5,0,563
AFRI_000309,35,Semi-Urban,Lagos,39,30743.0,0.998,0.662,1,0,0,0.263,0.43,0,0.0,0.5,0,280
AFRI_000310,24,Urban,Lagos,293,27577.0,0.708,0.858,0,1,10,0.188,0.451,0,0.0,0.5,1,531
AFRI_000311,19,Semi-Urban,Ibadan,41,10991.0,0.74,0.841,1,0,2,0.226,0.82,0,0.0,0.5,0,434
AFRI_000312,40,Semi-Urban,Kano,159,4092.0,1.0,0.802,1,1,6,0.392,0.436,0,0.0,0.5,0,620
AFRI_000313,20,Urban,Enugu,130,38684.0,0.601,0.543,1,0,2,0.235,0.57,0,0.0,0.5,0,376
AFRI_000314,31,Rural,Kano,346,5763.0,1.0,0.811,0,3,7,0.165,0.668,0,0.0,0.5,1,731
AFRI_000315,42,Urban,Kano,143,31268.0,0.926,0.217,0,0,0,0.201,0.63,0,0.0,0.5,0,476
AFRI_000316,37,Semi-Urban,Kano,77,9203.0,1.0,0.826,1,1,4,0.294,0.908,0,0.0,0.5,0,724
AFRI_000317,29,Urban,Other,133,28807.0,0.928,0.773,1,2,5,0.211,1.0,0,0.0,0.5,1,620
AFRI_000318,39,Urban,Ibadan,284,16037.0,0.65,1.0,1,2,10,0.154,1.0,0,0.0,0.5,1,781
AFRI_000319,39,Urban,Lagos,37,30882.0,0.57,0.618,0,3,4,0.095,0.675,0,0.0,0.5,0,340
AFRI_000320,36,Semi-Urban,Ibadan,167,42332.0,0.526,0.519,1,1,10,0.052,0.774,0,0.0,0.5,1,399
AFRI_000321,37,Semi-Urban,Ibadan,146,33896.0,0.516,0.598,1,0,0,0.172,0.594,0,0.0,0.5,0,280
AFRI_000322,26,Urban,Ibadan,77,1781.0,0.419,0.673,1,0,1,0.139,0.731,0,0.0,0.5,0,288
AFRI_000323,20,Rural,Lagos,172,2482.0,0.791,0.916,1,2,2,0.273,0.942,0,0.0,0.5,0,467
AFRI_000324,18,Urban,Lagos,255,35895.0,0.548,0.236,1,2,5,0.133,0.748,0,0.0,0.5,0,468
AFRI_000325,41,Urban,Kano,24,18354.0,0.676,0.853,1,1,2,0.433,0.803,0,0.0,0.5,0,472
AFRI_000326,32,Semi-Urban,Ibadan,32,2324.0,0.6,0.828,0,2,8,0.173,0.451,0,0.0,0.5,0,434
AFRI_000327,26,Semi-Urban,Enugu,149,31101.0,0.782,0.82,1,0,0,0.341,0.577,0,0.0,0.5,0,525
AFRI_000328,35,Urban,Other,192,7186.0,0.965,0.877,1,1,5,0.101,0.639,0,0.0,0.5,0,474
AFRI_000329,22,Urban,Other,334,1796.0,0.898,0.69,1,2,8,0.354,0.569,0,0.0,0.5,1,591
AFRI_000330,21,Urban,Lagos,324,4216.0,0.572,0.672,0,1,3,0.55,0.537,0,0.0,0.5,0,617
AFRI_000331,23,Semi-Urban,Abuja,234,38620.0,0.679,0.647,1,1,2,0.173,0.677,0,0.0,0.5,0,471
AFRI_000332,39,Semi-Urban,Abuja,231,42545.0,0.679,0.832,1,2,0,0.129,0.744,0,0.0,0.5,1,645
AFRI_000333,20,Urban,Abuja,123,38896.0,0.847,0.895,1,1,4,0.518,0.76,0,0.0,0.5,1,522
AFRI_000334,20,Semi-Urban,Port Harcourt,118,37990.0,0.969,0.913,1,3,7,0.258,0.518,0,0.0,0.5,1,516
AFRI_000335,32,Rural,Kano,290,39019.0,0.887,0.452,1,3,1,0.157,0.967,0,0.0,0.5,1,566
AFRI_000336,18,Urban,Abuja,98,17038.0,0.801,0.211,1,3,8,0.198,0.69,0,0.0,0.5,1,611
AFRI_000337,37,Urban,Kano,254,37067.0,0.598,0.769,1,0,3,0.02,0.738,0,0.0,0.5,0,448
AFRI_000338,33,Urban,Abuja,184,10385.0,0.496,0.59,0,3,5,0.134,0.809,0,0.0,0.5,1,519
AFRI_000339,18,Semi-Urban,Enugu,151,23789.0,0.528,0.352,1,2,8,0.254,0.742,0,0.0,0.5,0,421
AFRI_000340,35,Urban,Kano,65,28673.0,0.733,0.499,1,2,9,0.257,0.792,0,0.0,0.5,0,475
AFRI_000341,19,Semi-Urban,Abuja,342,36651.0,0.867,0.271,1,2,3,0.255,0.603,0,0.0,0.5,0,515
AFRI_000342,36,Urban,Other,29,37497.0,0.609,0.513,0,1,8,0.141,0.394,0,0.0,0.5,0,342
AFRI_000343,37,Rural,Lagos,51,6146.0,0.56,0.447,1,1,7,0.258,0.542,0,0.0,0.5,0,331
AFRI_000344,23,Urban,Kano,198,22229.0,0.635,0.772,1,1,9,0.408,0.723,0,0.0,0.5,0,473
AFRI_000345,32,Rural,Other,225,25188.0,0.838,0.489,0,1,4,0.277,0.904,0,0.0,0.5,0,538
AFRI_000346,43,Urban,Other,54,9589.0,0.912,0.913,1,0,0,0.268,0.606,0,0.0,0.5,0,376
AFRI_000347,43,Semi-Urban,Other,76,9853.0,0.963,0.786,0,1,3,0.052,0.961,0,0.0,0.5,0,388
AFRI_000348,21,Semi-Urban,Port Harcourt,228,20031.0,0.763,0.727,1,3,8,0.413,0.741,0,0.0,0.5,1,686
AFRI_000349,44,Rural,Lagos,139,17953.0,0.3,0.793,0,1,9,0.176,0.681,1,2.3,0.269,0,401
AFRI_000350,34,Urban,Lagos,332,1763.0,0.608,0.447,1,3,4,0.215,1.0,0,0.0,0.5,1,511
AFRI_000351,35,Rural,Ibadan,161,5021.0,0.894,0.761,1,2,0,0.293,0.962,0,0.0,0.5,0,613
AFRI_000352,26,Urban,Port Harcourt,174,21729.0,0.794,0.844,1,1,9,0.12,0.848,0,0.0,0.5,0,515
AFRI_000353,18,Rural,Other,292,14517.0,0.833,0.285,1,2,9,0.141,0.937,1,5.2,0.311,1,623
AFRI_000354,39,Urban,Lagos,58,2371.0,0.721,0.544,1,1,5,0.084,0.803,0,0.0,0.5,0,527
AFRI_000355,43,Semi-Urban,Lagos,170,34064.0,0.48,0.66,1,2,10,0.367,0.796,0,0.0,0.5,1,581
AFRI_000356,19,Semi-Urban,Other,168,10460.0,0.923,0.782,1,1,10,0.218,0.847,0,0.0,0.5,1,610
AFRI_000357,31,Semi-Urban,Other,181,42248.0,0.635,1.0,0,0,3,0.265,0.944,0,0.0,0.5,0,299
AFRI_000358,33,Semi-Urban,Abuja,103,39330.0,0.767,0.648,1,1,2,0.282,0.551,0,0.0,0.5,1,475
AFRI_000359,23,Urban,Abuja,424,34039.0,0.841,0.864,1,2,6,0.226,0.856,0,0.0,0.5,1,745
AFRI_000360,36,Semi-Urban,Kano,13,9095.0,0.936,0.903,1,2,2,0.229,0.734,0,0.0,0.5,0,517
AFRI_000361,36,Semi-Urban,Kano,149,22806.0,0.38,0.758,1,1,3,0.32,0.57,0,0.0,0.5,0,280
AFRI_000362,33,Urban,Kano,361,25780.0,0.849,0.637,1,2,0,0.312,0.807,0,0.0,0.5,1,677
AFRI_000363,27,Rural,Abuja,397,3660.0,0.642,0.717,1,2,4,0.507,0.782,0,0.0,0.5,0,602
AFRI_000364,41,Semi-Urban,Other,253,37930.0,0.621,0.546,1,2,9,0.102,0.748,0,0.0,0.5,1,499
AFRI_000365,38,Urban,Kano,184,19844.0,0.739,0.559,1,2,7,0.327,0.762,0,0.0,0.5,0,423
AFRI_000366,34,Rural,Lagos,205,26062.0,0.421,0.711,1,2,1,0.082,0.25,1,2.6,0.579,0,430
AFRI_000367,42,Semi-Urban,Abuja,191,12364.0,0.626,0.885,1,2,11,0.17,0.756,0,0.0,0.5,1,676
AFRI_000368,29,Urban,Kano,410,42067.0,0.769,0.456,1,2,4,0.245,0.449,0,0.0,0.5,1,526
AFRI_000369,31,Urban,Lagos,381,22220.0,0.918,0.468,1,2,3,0.421,0.679,0,0.0,0.5,1,679
AFRI_000370,22,Rural,Kano,360,21882.0,0.512,0.595,0,2,3,0.183,0.786,0,0.0,0.5,1,352
AFRI_000371,37,Urban,Enugu,108,7316.0,0.775,0.717,1,3,3,0.27,0.473,0,0.0,0.5,1,568
AFRI_000372,36,Urban,Other,152,33627.0,0.786,0.644,1,1,3,0.145,0.519,0,0.0,0.5,0,504
AFRI_000373,26,Rural,Other,165,33728.0,0.513,1.0,1,2,8,0.289,0.638,0,0.0,0.5,0,483
AFRI_000374,43,Urban,Kano,260,3997.0,0.494,0.891,0,2,5,0.245,0.831,0,0.0,0.5,0,577
AFRI_000375,25,Semi-Urban,Enugu,258,17519.0,0.738,0.668,1,3,11,0.261,0.816,0,0.0,0.5,0,615
AFRI_000376,33,Semi-Urban,Kano,433,43552.0,1.0,0.567,1,1,0,0.249,0.829,0,0.0,0.5,1,583
AFRI_000377,37,Urban,Ibadan,165,15045.0,0.669,0.696,1,2,1,0.02,0.72,0,0.0,0.5,0,449
AFRI_000378,19,Urban,Ibadan,285,21368.0,0.629,0.595,1,1,10,0.202,0.763,0,0.0,0.5,1,486
AFRI_000379,38,Urban,Other,154,35190.0,0.645,0.658,1,1,2,0.087,0.785,0,0.0,0.5,0,533
AFRI_000380,43,Urban,Port Harcourt,104,40103.0,0.313,0.613,1,3,7,0.308,0.895,0,0.0,0.5,0,452
AFRI_000381,32,Urban,Ibadan,112,37329.0,0.443,0.831,1,1,7,0.417,0.671,0,0.0,0.5,0,323
AFRI_000382,37,Urban,Ibadan,193,43545.0,0.763,0.645,1,3,0,0.272,0.822,0,0.0,0.5,1,597
AFRI_000383,27,Rural,Kano,295,35787.0,1.0,0.687,1,2,4,0.168,1.0,0,0.0,0.5,1,634
AFRI_000384,41,Urban,Abuja,205,25155.0,0.962,0.713,1,2,0,0.452,0.769,0,0.0,0.5,1,565
AFRI_000385,20,Semi-Urban,Abuja,230,16202.0,0.718,0.482,1,1,10,0.291,0.25,0,0.0,0.5,1,513
AFRI_000386,35,Semi-Urban,Enugu,91,39257.0,0.835,1.0,1,0,1,0.295,0.812,0,0.0,0.5,0,408
AFRI_000387,36,Rural,Abuja,229,31520.0,0.818,0.573,1,1,5,0.331,0.601,0,0.0,0.5,0,554
AFRI_000388,29,Rural,Lagos,127,9863.0,0.642,0.389,1,3,3,0.02,0.643,0,0.0,0.5,0,438
AFRI_000389,30,Semi-Urban,Port Harcourt,401,18701.0,0.705,0.891,1,1,2,0.288,0.939,0,0.0,0.5,1,547
AFRI_000390,24,Semi-Urban,Ibadan,71,10789.0,0.773,1.0,0,1,7,0.134,0.438,0,0.0,0.5,0,572
AFRI_000391,20,Urban,Port Harcourt,127,20302.0,0.573,0.729,0,2,3,0.176,0.635,0,0.0,0.5,0,319
AFRI_000392,28,Rural,Lagos,41,14728.0,0.585,0.549,1,2,3,0.328,0.741,0,0.0,0.5,0,280
AFRI_000393,39,Semi-Urban,Ibadan,182,1590.0,0.584,0.709,1,1,9,0.02,0.772,0,0.0,0.5,1,329
AFRI_000394,26,Urban,Enugu,39,15542.0,0.735,0.625,0,3,10,0.02,0.614,0,0.0,0.5,0,372
AFRI_000395,39,Semi-Urban,Lagos,261,3186.0,0.914,1.0,1,2,4,0.22,0.728,0,0.0,0.5,1,633
AFRI_000396,27,Urban,Lagos,142,31586.0,0.605,0.57,0,0,3,0.273,1.0,0,0.0,0.5,0,435
AFRI_000397,38,Urban,Port Harcourt,157,28733.0,0.707,0.591,1,3,1,0.146,0.701,0,0.0,0.5,1,716
AFRI_000398,39,Semi-Urban,Kano,188,20499.0,0.798,1.0,1,2,5,0.198,0.915,0,0.0,0.5,1,636
AFRI_000399,18,Semi-Urban,Port Harcourt,310,29783.0,0.943,0.561,1,2,11,0.211,0.939,0,0.0,0.5,1,655
AFRI_000400,23,Rural,Other,29,13470.0,0.955,0.828,1,3,2,0.201,0.294,1,5.5,0.366,0,573
AFRI_000401,25,Urban,Port Harcourt,290,30015.0,0.768,0.574,1,3,7,0.219,0.78,0,0.0,0.5,1,674
AFRI_000402,43,Urban,Abuja,183,42288.0,0.618,0.236,1,1,7,0.194,0.934,0,0.0,0.5,0,280
AFRI_000403,32,Semi-Urban,Lagos,413,26836.0,0.661,0.571,0,0,2,0.104,0.659,0,0.0,0.5,0,525
AFRI_000404,31,Rural,Port Harcourt,92,13857.0,0.456,0.591,1,2,4,0.258,0.836,0,0.0,0.5,0,508
AFRI_000405,26,Rural,Lagos,148,4867.0,0.364,0.719,1,2,9,0.375,0.813,1,6.8,0.335,1,387
AFRI_000406,18,Urban,Other,256,26721.0,0.94,0.795,0,1,11,0.122,0.706,0,0.0,0.5,1,672
AFRI_000407,36,Urban,Abuja,280,31229.0,0.612,1.0,1,1,2,0.285,0.394,0,0.0,0.5,1,527
AFRI_000408,33,Semi-Urban,Lagos,402,8841.0,0.799,0.669,1,2,0,0.279,0.563,0,0.0,0.5,1,574
AFRI_000409,40,Urban,Port Harcourt,92,36108.0,0.935,0.428,0,1,3,0.285,0.59,0,0.0,0.5,0,402
AFRI_000410,19,Semi-Urban,Lagos,403,3879.0,0.589,0.623,1,0,2,0.071,0.917,0,0.0,0.5,1,431
AFRI_000411,37,Urban,Ibadan,220,38784.0,0.893,0.633,1,1,11,0.378,0.913,0,0.0,0.5,1,608
AFRI_000412,26,Semi-Urban,Other,119,39592.0,0.729,0.581,1,2,3,0.099,0.519,0,0.0,0.5,0,402
AFRI_000413,31,Rural,Abuja,133,27428.0,0.868,0.626,1,3,5,0.272,0.681,1,2.3,0.263,1,541
AFRI_000414,22,Urban,Kano,434,16477.0,0.763,0.65,1,1,2,0.141,0.556,0,0.0,0.5,1,528
AFRI_000415,20,Semi-Urban,Lagos,44,32340.0,0.823,0.479,1,2,1,0.2,0.342,0,0.0,0.5,0,343
AFRI_000416,41,Urban,Port Harcourt,171,29223.0,0.715,0.546,1,3,9,0.336,0.779,0,0.0,0.5,0,444
AFRI_000417,34,Rural,Abuja,30,28906.0,0.553,0.624,0,0,1,0.173,0.382,0,0.0,0.5,0,280
AFRI_000418,19,Urban,Port Harcourt,348,9867.0,0.919,0.953,1,0,2,0.079,1.0,0,0.0,0.5,1,601
AFRI_000419,24,Semi-Urban,Port Harcourt,308,20757.0,0.59,0.85,1,2,11,0.124,0.334,0,0.0,0.5,1,557
AFRI_000420,22,Urban,Lagos,288,2769.0,0.632,0.693,1,0,1,0.02,0.25,0,0.0,0.5,0,446
AFRI_000421,31,Rural,Port Harcourt,125,32763.0,0.708,1.0,0,1,9,0.19,0.829,1,4.5,0.626,1,513
AFRI_000422,35,Rural,Lagos,222,20939.0,0.581,0.528,0,1,1,0.303,0.588,0,0.0,0.5,1,340
AFRI_000423,34,Semi-Urban,Kano,229,43514.0,0.922,0.786,0,2,4,0.093,0.544,0,0.0,0.5,1,540
AFRI_000424,33,Rural,Ibadan,118,24699.0,0.752,0.768,0,1,8,0.342,0.694,0,0.0,0.5,1,483
AFRI_000425,20,Semi-Urban,Port Harcourt,275,28309.0,0.799,0.708,1,1,6,0.164,0.695,0,0.0,0.5,1,516
AFRI_000426,30,Semi-Urban,Port Harcourt,398,5303.0,0.754,0.546,1,3,8,0.291,0.334,0,0.0,0.5,1,689
AFRI_000427,28,Urban,Port Harcourt,149,32009.0,0.741,0.31,1,3,3,0.347,0.56,0,0.0,0.5,0,481
AFRI_000428,43,Semi-Urban,Enugu,234,24839.0,1.0,0.601,1,0,2,0.274,0.56,0,0.0,0.5,0,388
AFRI_000429,32,Urban,Enugu,399,44084.0,0.876,0.2,1,0,1,0.235,0.904,0,0.0,0.5,1,436
AFRI_000430,27,Rural,Abuja,449,41413.0,0.563,0.652,1,0,2,0.23,0.758,0,0.0,0.5,0,496
AFRI_000431,22,Urban,Ibadan,188,34697.0,0.88,0.577,1,0,2,0.368,0.485,0,0.0,0.5,0,536
AFRI_000432,31,Semi-Urban,Ibadan,308,36936.0,0.893,0.685,1,2,3,0.309,0.964,0,0.0,0.5,1,713
AFRI_000433,31,Urban,Enugu,37,27074.0,0.648,0.709,1,3,7,0.251,0.313,0,0.0,0.5,0,453
AFRI_000434,38,Urban,Abuja,227,8918.0,0.678,0.365,1,3,7,0.189,0.665,0,0.0,0.5,0,441
AFRI_000435,33,Urban,Enugu,316,23142.0,0.967,0.89,0,2,5,0.109,0.981,0,0.0,0.5,1,733
AFRI_000436,23,Rural,Kano,256,38586.0,0.405,0.748,1,2,7,0.19,0.596,0,0.0,0.5,0,401
AFRI_000437,43,Urban,Abuja,118,26873.0,0.771,0.487,0,0,0,0.359,0.901,0,0.0,0.5,0,356
AFRI_000438,38,Urban,Ibadan,244,44977.0,0.776,0.809,1,1,11,0.294,1.0,0,0.0,0.5,1,637
AFRI_000439,28,Urban,Ibadan,149,28494.0,0.71,0.987,0,2,2,0.336,0.296,0,0.0,0.5,0,479
AFRI_000440,35,Urban,Enugu,211,28691.0,0.836,0.704,1,0,1,0.294,1.0,0,0.0,0.5,0,538
AFRI_000441,32,Urban,Kano,105,22966.0,0.609,0.801,0,1,8,0.259,0.608,0,0.0,0.5,0,473
AFRI_000442,39,Urban,Enugu,109,26368.0,0.976,0.948,1,1,11,0.11,0.445,0,0.0,0.5,1,541
AFRI_000443,41,Semi-Urban,Other,289,10157.0,0.683,0.47,1,0,2,0.264,0.748,0,0.0,0.5,0,519
AFRI_000444,39,Urban,Lagos,125,42732.0,0.719,0.499,1,0,1,0.074,0.774,0,0.0,0.5,0,337
AFRI_000445,25,Urban,Lagos,194,2166.0,0.658,0.547,1,2,6,0.367,0.761,0,0.0,0.5,0,481
AFRI_000446,24,Semi-Urban,Kano,216,25603.0,0.989,0.587,1,2,10,0.084,0.361,0,0.0,0.5,0,494
AFRI_000447,19,Semi-Urban,Port Harcourt,77,23263.0,0.867,0.417,0,0,1,0.183,0.696,0,0.0,0.5,0,314
AFRI_000448,25,Urban,Port Harcourt,343,25420.0,0.569,1.0,1,1,9,0.355,1.0,0,0.0,0.5,0,638
AFRI_000449,33,Semi-Urban,Lagos,329,39065.0,0.504,0.839,1,2,1,0.186,0.945,0,0.0,0.5,1,681
AFRI_000450,23,Urban,Lagos,123,36468.0,1.0,0.519,1,1,4,0.222,0.726,0,0.0,0.5,0,456
AFRI_000451,40,Urban,Port Harcourt,208,32727.0,0.655,0.902,1,1,5,0.075,0.654,0,0.0,0.5,1,635
AFRI_000452,23,Semi-Urban,Abuja,440,17864.0,0.735,0.777,1,1,3,0.02,0.536,0,0.0,0.5,1,520
AFRI_000453,30,Semi-Urban,Port Harcourt,360,5170.0,0.649,0.932,1,0,2,0.342,0.688,0,0.0,0.5,1,514
AFRI_000454,34,Rural,Enugu,137,13126.0,0.741,0.491,0,1,5,0.2,0.369,0,0.0,0.5,0,533
AFRI_000455,28,Rural,Abuja,327,4679.0,0.983,1.0,0,2,10,0.308,0.86,1,4.6,0.482,1,740
AFRI_000456,40,Urban,Enugu,161,40912.0,1.0,0.834,1,2,7,0.375,0.713,0,0.0,0.5,1,713
AFRI_000457,25,Semi-Urban,Lagos,289,10607.0,0.792,0.878,1,0,2,0.257,0.809,0,0.0,0.5,1,543
AFRI_000458,24,Urban,Abuja,105,5334.0,1.0,0.566,1,3,10,0.14,0.348,0,0.0,0.5,1,628
AFRI_000459,44,Semi-Urban,Enugu,123,39491.0,0.531,0.433,1,3,9,0.146,0.594,0,0.0,0.5,0,458
AFRI_000460,24,Urban,Enugu,415,35209.0,0.899,0.824,1,3,3,0.079,0.668,0,0.0,0.5,1,583
AFRI_000461,39,Semi-Urban,Abuja,193,22850.0,0.784,0.529,1,1,9,0.23,0.507,0,0.0,0.5,1,691
AFRI_000462,28,Semi-Urban,Kano,180,4267.0,0.967,0.72,1,1,6,0.053,1.0,0,0.0,0.5,1,515
AFRI_000463,29,Semi-Urban,Other,177,42772.0,0.895,0.548,0,2,10,0.113,0.847,0,0.0,0.5,1,545
AFRI_000464,26,Semi-Urban,Port Harcourt,309,34289.0,0.881,1.0,1,2,2,0.501,0.647,0,0.0,0.5,1,668
AFRI_000465,33,Rural,Ibadan,196,13548.0,0.781,0.601,0,1,4,0.181,0.532,0,0.0,0.5,1,424
AFRI_000466,24,Urban,Enugu,397,38088.0,0.766,0.622,1,2,6,0.294,0.668,0,0.0,0.5,1,628
AFRI_000467,19,Semi-Urban,Port Harcourt,178,38678.0,0.993,0.837,0,2,1,0.137,0.585,0,0.0,0.5,0,595
AFRI_000468,30,Rural,Other,424,2580.0,0.674,0.913,1,2,10,0.205,0.67,1,7.2,0.9,1,755
AFRI_000469,22,Urban,Ibadan,305,23025.0,0.655,0.706,1,0,3,0.12,0.555,0,0.0,0.5,1,336
AFRI_000470,20,Semi-Urban,Port Harcourt,225,13907.0,0.723,0.818,1,2,1,0.177,0.492,0,0.0,0.5,1,638
AFRI_000471,30,Semi-Urban,Lagos,108,34017.0,0.57,0.252,0,2,7,0.464,0.56,0,0.0,0.5,0,502
AFRI_000472,18,Rural,Ibadan,105,5268.0,0.782,0.478,1,0,1,0.428,0.57,0,0.0,0.5,0,452
AFRI_000473,34,Semi-Urban,Other,67,41044.0,1.0,0.653,1,3,10,0.329,0.25,0,0.0,0.5,1,627
AFRI_000474,21,Rural,Port Harcourt,62,9998.0,0.647,0.723,0,2,1,0.127,0.55,0,0.0,0.5,0,555
AFRI_000475,33,Semi-Urban,Enugu,265,35408.0,0.752,0.599,1,2,6,0.198,0.509,0,0.0,0.5,1,583
AFRI_000476,43,Urban,Ibadan,210,40949.0,1.0,0.505,1,2,2,0.24,1.0,0,0.0,0.5,1,553
AFRI_000477,30,Rural,Lagos,157,9746.0,0.589,0.644,0,1,8,0.333,0.606,0,0.0,0.5,0,411
AFRI_000478,27,Semi-Urban,Abuja,84,26394.0,0.546,0.246,1,3,7,0.13,0.956,0,0.0,0.5,0,498
AFRI_000479,21,Urban,Enugu,43,37633.0,0.511,1.0,1,3,1,0.374,1.0,0,0.0,0.5,1,537
AFRI_000480,28,Semi-Urban,Lagos,356,2201.0,0.682,0.356,1,0,2,0.068,0.64,0,0.0,0.5,1,377
AFRI_000481,27,Semi-Urban,Lagos,390,17111.0,0.571,0.338,1,0,2,0.395,0.426,0,0.0,0.5,0,577
AFRI_000482,26,Urban,Ibadan,375,11389.0,0.72,0.675,1,1,9,0.02,0.661,0,0.0,0.5,1,592
AFRI_000483,24,Semi-Urban,Port Harcourt,291,35094.0,0.597,1.0,0,1,0,0.048,0.694,0,0.0,0.5,1,435
AFRI_000484,22,Semi-Urban,Abuja,108,9238.0,0.7,0.648,0,2,8,0.337,0.916,0,0.0,0.5,1,533
AFRI_000485,38,Urban,Enugu,120,44688.0,0.748,0.326,1,1,6,0.136,0.63,0,0.0,0.5,0,399
AFRI_000486,34,Semi-Urban,Enugu,207,8637.0,0.903,0.881,1,3,3,0.14,0.432,0,0.0,0.5,1,609
AFRI_000487,21,Semi-Urban,Port Harcourt,223,20198.0,0.418,0.9,1,3,9,0.112,0.668,0,0.0,0.5,0,753
AFRI_000488,37,Rural,Abuja,114,42443.0,0.956,0.723,1,1,3,0.351,0.4,0,0.0,0.5,0,435
AFRI_000489,34,Urban,Ibadan,417,6309.0,0.697,0.638,1,2,8,0.04,0.361,0,0.0,0.5,1,716
AFRI_000490,34,Semi-Urban,Enugu,67,22256.0,0.621,0.6,1,3,8,0.159,0.812,0,0.0,0.5,1,423
AFRI_000491,19,Semi-Urban,Abuja,419,30910.0,0.889,0.831,0,2,7,0.202,0.675,0,0.0,0.5,1,645
AFRI_000492,28,Urban,Ibadan,295,26974.0,0.707,1.0,1,2,2,0.3,0.616,0,0.0,0.5,1,410
AFRI_000493,21,Urban,Ibadan,387,18295.0,0.785,0.872,0,2,8,0.414,0.756,0,0.0,0.5,1,562
AFRI_000494,30,Urban,Other,213,26646.0,0.806,0.681,0,2,5,0.291,0.48,0,0.0,0.5,0,446
AFRI_000495,39,Semi-Urban,Enugu,165,2796.0,0.734,0.935,0,3,11,0.234,0.524,0,0.0,0.5,1,381
AFRI_000496,20,Semi-Urban,Port Harcourt,39,18185.0,0.89,0.892,1,0,3,0.218,0.38,0,0.0,0.5,1,481
AFRI_000497,25,Semi-Urban,Kano,255,3777.0,0.826,0.831,1,1,4,0.146,0.75,0,0.0,0.5,1,669
AFRI_000498,21,Rural,Enugu,443,5801.0,0.634,0.746,0,3,11,0.251,0.626,0,0.0,0.5,1,842
AFRI_000499,43,Urban,Other,48,20079.0,0.931,0.245,1,1,5,0.188,0.86,0,0.0,0.5,0,380
AFRI_000500,32,Semi-Urban,Lagos,420,39877.0,0.752,0.78,1,2,0,0.129,0.25,0,0.0,0.5,1,659
AFRI_000501,38,Urban,Lagos,58,24613.0,0.366,0.796,1,1,6,0.206,0.632,0,0.0,0.5,0,355
AFRI_000502,37,Urban,Ibadan,73,4140.0,1.0,0.946,1,2,8,0.02,0.539,0,0.0,0.5,1,561
AFRI_000503,18,Rural,Kano,65,15668.0,1.0,0.912,0,2,5,0.211,0.561,0,0.0,0.5,0,550
AFRI_000504,26,Semi-Urban,Other,29,16534.0,0.881,0.588,0,2,6,0.233,0.535,0,0.0,0.5,1,538
AFRI_000505,40,Urban,Enugu,29,12320.0,0.668,1.0,0,0,0,0.315,0.668,0,0.0,0.5,0,413
AFRI_000506,18,Urban,Lagos,70,35981.0,1.0,0.645,0,3,0,0.52,0.594,0,0.0,0.5,1,470
AFRI_000507,28,Rural,Lagos,421,44861.0,1.0,0.812,1,0,1,0.034,0.677,1,0.7,0.61,1,490
AFRI_000508,25,Rural,Enugu,124,41949.0,0.419,0.2,0,2,0,0.105,0.27,0,0.0,0.5,0,280
AFRI_000509,41,Semi-Urban,Other,81,23144.0,0.688,0.598,1,1,3,0.199,0.715,0,0.0,0.5,0,283
AFRI_000510,30,Semi-Urban,Abuja,399,2933.0,0.871,1.0,1,0,2,0.13,0.783,0,0.0,0.5,1,482
AFRI_000511,35,Semi-Urban,Ibadan,240,40204.0,0.77,0.781,1,0,1,0.262,1.0,0,0.0,0.5,0,485
AFRI_000512,28,Urban,Enugu,327,35764.0,0.551,0.415,0,2,6,0.345,0.728,0,0.0,0.5,0,347
AFRI_000513,33,Urban,Abuja,76,15616.0,0.735,0.718,1,2,6,0.301,0.934,0,0.0,0.5,1,420
AFRI_000514,19,Rural,Ibadan,182,28735.0,0.753,0.898,0,1,2,0.182,0.813,1,4.4,0.1,0,638
AFRI_000515,43,Rural,Kano,134,31920.0,0.851,0.641,1,1,11,0.23,0.802,1,3.1,0.383,0,619
AFRI_000516,41,Semi-Urban,Port Harcourt,165,29888.0,0.344,0.467,1,3,10,0.133,0.848,0,0.0,0.5,0,547
AFRI_000517,42,Urban,Ibadan,207,27821.0,0.635,1.0,1,1,6,0.181,0.811,0,0.0,0.5,1,425
AFRI_000518,23,Rural,Kano,75,29163.0,0.706,0.788,1,1,2,0.371,0.615,0,0.0,0.5,0,375
AFRI_000519,25,Rural,Port Harcourt,188,28107.0,1.0,0.795,1,3,8,0.213,0.791,0,0.0,0.5,1,742
AFRI_000520,34,Rural,Lagos,293,25929.0,0.859,0.606,1,0,1,0.265,0.872,0,0.0,0.5,0,428
AFRI_000521,44,Rural,Lagos,231,30582.0,0.726,0.712,1,3,0,0.06,1.0,0,0.0,0.5,1,510
AFRI_000522,23,Urban,Lagos,75,33902.0,0.392,0.261,1,0,3,0.203,0.718,0,0.0,0.5,0,280
AFRI_000523,38,Urban,Ibadan,266,44678.0,0.676,0.712,0,3,4,0.222,0.432,0,0.0,0.5,0,612
AFRI_000524,32,Semi-Urban,Abuja,287,32923.0,0.526,0.674,1,1,11,0.252,0.693,0,0.0,0.5,1,653
AFRI_000525,31,Urban,Port Harcourt,292,30644.0,0.728,0.632,1,1,0,0.02,0.759,0,0.0,0.5,0,478
AFRI_000526,39,Semi-Urban,Lagos,235,20759.0,0.47,1.0,1,0,2,0.318,0.942,0,0.0,0.5,0,471
AFRI_000527,26,Urban,Other,246,24054.0,0.528,0.529,0,1,6,0.375,0.717,0,0.0,0.5,0,340
AFRI_000528,28,Urban,Enugu,380,28451.0,0.947,0.833,1,2,2,0.55,0.661,0,0.0,0.5,1,645
AFRI_000529,43,Urban,Port Harcourt,163,10074.0,0.818,0.833,1,2,4,0.295,0.554,0,0.0,0.5,1,538
AFRI_000530,28,Urban,Port Harcourt,419,31692.0,0.41,0.719,1,1,0,0.226,0.554,0,0.0,0.5,1,392
AFRI_000531,26,Semi-Urban,Abuja,73,9103.0,0.756,0.739,1,1,0,0.376,0.541,0,0.0,0.5,0,583
AFRI_000532,38,Urban,Kano,284,7093.0,0.917,0.357,0,1,4,0.269,1.0,0,0.0,0.5,0,534
AFRI_000533,42,Semi-Urban,Abuja,99,20369.0,0.795,0.2,1,2,10,0.109,0.603,0,0.0,0.5,0,404
AFRI_000534,25,Urban,Lagos,87,18481.0,0.588,0.2,1,0,2,0.103,0.843,0,0.0,0.5,0,280
AFRI_000535,44,Urban,Enugu,140,24140.0,0.702,1.0,1,3,2,0.276,0.827,0,0.0,0.5,1,543
AFRI_000536,38,Rural,Enugu,131,13153.0,0.927,0.74,1,2,0,0.211,0.747,1,6.8,0.336,0,518
AFRI_000537,23,Rural,Other,74,37736.0,0.913,0.443,1,1,8,0.343,1.0,1,1.6,0.626,0,476
AFRI_000538,44,Urban,Other,96,32666.0,0.844,0.604,1,3,11,0.113,0.81,0,0.0,0.5,0,505
AFRI_000539,38,Urban,Lagos,122,10759.0,0.841,1.0,1,0,0,0.143,0.84,0,0.0,0.5,0,525
AFRI_000540,43,Semi-Urban,Enugu,209,37906.0,0.796,0.483,1,1,11,0.316,0.843,0,0.0,0.5,1,469
AFRI_000541,27,Semi-Urban,Abuja,261,16936.0,0.994,1.0,1,2,6,0.131,0.432,0,0.0,0.5,1,669
AFRI_000542,18,Rural,Ibadan,104,35823.0,0.552,0.302,1,1,1,0.168,0.984,1,7.7,0.1,0,353
AFRI_000543,40,Rural,Abuja,163,23275.0,0.859,0.702,1,2,10,0.359,1.0,1,6.0,0.674,0,627
AFRI_000544,18,Urban,Ibadan,400,40393.0,0.873,0.206,0,2,3,0.418,0.828,0,0.0,0.5,1,641
AFRI_000545,33,Urban,Lagos,297,1556.0,0.767,0.452,1,1,1,0.267,0.932,0,0.0,0.5,1,504
AFRI_000546,22,Semi-Urban,Enugu,293,44895.0,0.77,0.71,1,1,9,0.333,0.478,0,0.0,0.5,1,492
AFRI_000547,18,Rural,Other,400,30656.0,0.834,0.423,1,1,10,0.297,0.646,1,4.0,0.478,1,575
AFRI_000548,20,Semi-Urban,Port Harcourt,396,31126.0,0.799,0.459,1,0,2,0.177,1.0,0,0.0,0.5,1,512
AFRI_000549,35,Semi-Urban,Other,63,40388.0,0.771,0.419,1,2,5,0.148,0.593,0,0.0,0.5,0,362
AFRI_000550,38,Rural,Kano,180,36836.0,0.778,0.86,1,2,8,0.318,0.643,1,6.3,0.477,0,588
AFRI_000551,42,Urban,Port Harcourt,222,31637.0,0.685,0.868,1,2,7,0.432,1.0,0,0.0,0.5,1,652
AFRI_000552,22,Urban,Ibadan,150,9001.0,1.0,1.0,1,1,1,0.12,0.918,0,0.0,0.5,1,503
AFRI_000553,27,Semi-Urban,Abuja,166,39887.0,0.568,0.729,1,2,3,0.329,0.519,0,0.0,0.5,1,530
AFRI_000554,24,Urban,Abuja,194,1784.0,0.686,0.677,0,1,6,0.183,0.416,0,0.0,0.5,0,479
AFRI_000555,35,Urban,Other,266,1733.0,0.822,0.734,0,0,2,0.181,1.0,0,0.0,0.5,0,553
AFRI_000556,28,Urban,Abuja,365,16358.0,0.782,0.907,1,2,7,0.242,0.571,0,0.0,0.5,1,619
AFRI_000557,41,Rural,Other,290,3520.0,0.722,0.447,1,3,5,0.319,0.551,0,0.0,0.5,1,484
AFRI_000558,25,Semi-Urban,Other,318,32529.0,0.961,1.0,1,1,8,0.059,0.944,0,0.0,0.5,1,663
AFRI_000559,33,Rural,Abuja,182,2620.0,0.946,0.554,1,2,1,0.05,0.878,1,2.7,0.257,0,509
AFRI_000560,38,Semi-Urban,Kano,42,20157.0,0.963,0.964,0,3,6,0.324,0.523,0,0.0,0.5,1,644
AFRI_000561,22,Rural,Lagos,352,15348.0,0.635,0.689,1,1,6,0.022,0.428,0,0.0,0.5,1,558
AFRI_000562,35,Urban,Abuja,176,32614.0,0.907,0.93,1,1,11,0.242,0.542,0,0.0,0.5,1,564
AFRI_000563,21,Urban,Ibadan,210,30292.0,0.512,0.657,1,1,2,0.369,0.784,0,0.0,0.5,0,425
AFRI_000564,39,Semi-Urban,Enugu,173,6649.0,0.853,0.399,1,2,4,0.309,0.369,0,0.0,0.5,0,445
AFRI_000565,28,Urban,Other,242,10119.0,0.682,0.559,1,0,3,0.088,0.848,0,0.0,0.5,0,527
AFRI_000566,32,Semi-Urban,Kano,389,20454.0,0.464,0.561,1,2,9,0.06,0.897,0,0.0,0.5,1,558
AFRI_000567,32,Semi-Urban,Other,337,8047.0,0.515,0.993,1,1,11,0.222,0.428,0,0.0,0.5,0,481
AFRI_000568,36,Urban,Ibadan,136,3420.0,0.589,0.58,1,3,5,0.374,0.619,0,0.0,0.5,1,583
AFRI_000569,26,Semi-Urban,Other,362,22068.0,1.0,0.504,1,3,5,0.255,0.835,0,0.0,0.5,1,713
AFRI_000570,18,Urban,Ibadan,375,34962.0,0.839,0.307,1,0,2,0.341,1.0,0,0.0,0.5,1,488
AFRI_000571,41,Urban,Other,167,44647.0,0.683,0.818,1,1,9,0.353,0.596,0,0.0,0.5,1,538
AFRI_000572,19,Rural,Abuja,346,8039.0,0.924,0.51,1,2,4,0.174,0.832,0,0.0,0.5,1,599
AFRI_000573,20,Rural,Enugu,318,41296.0,0.688,0.446,0,1,5,0.02,0.597,1,2.1,0.296,1,475
AFRI_000574,20,Urban,Abuja,283,37980.0,0.536,0.829,1,1,8,0.233,0.787,0,0.0,0.5,0,480
AFRI_000575,35,Urban,Other,167,14702.0,0.712,0.489,0,2,1,0.212,0.715,0,0.0,0.5,0,555
AFRI_000576,30,Urban,Ibadan,255,30953.0,0.723,1.0,1,1,4,0.141,0.563,0,0.0,0.5,1,419
AFRI_000577,26,Urban,Lagos,449,10790.0,0.47,0.992,1,3,4,0.186,0.617,0,0.0,0.5,1,766
AFRI_000578,29,Urban,Kano,211,42484.0,0.889,0.816,1,1,11,0.337,0.829,0,0.0,0.5,0,531
AFRI_000579,21,Semi-Urban,Other,105,25505.0,0.506,0.842,1,1,4,0.301,0.605,0,0.0,0.5,0,374
AFRI_000580,28,Urban,Lagos,301,4509.0,0.53,0.472,1,2,9,0.19,0.273,0,0.0,0.5,0,497
AFRI_000581,26,Semi-Urban,Other,311,30242.0,0.719,0.922,1,3,10,0.291,0.661,0,0.0,0.5,1,660
AFRI_000582,18,Urban,Kano,269,34690.0,0.839,0.653,1,3,8,0.424,0.703,0,0.0,0.5,1,785
AFRI_000583,33,Semi-Urban,Abuja,61,30356.0,0.464,0.534,1,1,5,0.02,0.759,0,0.0,0.5,0,370
AFRI_000584,26,Urban,Abuja,433,7022.0,0.883,0.525,1,3,4,0.171,0.771,0,0.0,0.5,1,565
AFRI_000585,39,Urban,Other,217,6732.0,0.924,0.979,1,3,9,0.179,0.58,0,0.0,0.5,1,776
AFRI_000586,44,Semi-Urban,Kano,141,5987.0,0.853,0.491,1,1,10,0.145,0.25,0,0.0,0.5,0,365
AFRI_000587,40,Rural,Enugu,77,29813.0,0.637,0.521,1,3,0,0.314,0.539,0,0.0,0.5,0,382
AFRI_000588,43,Urban,Enugu,296,39493.0,0.456,0.451,0,1,7,0.078,0.899,0,0.0,0.5,0,492
AFRI_000589,23,Urban,Other,308,42257.0,1.0,0.431,1,0,2,0.347,0.693,0,0.0,0.5,0,632
AFRI_000590,43,Semi-Urban,Other,248,14337.0,0.86,0.765,0,0,2,0.1,0.619,0,0.0,0.5,1,499
AFRI_000591,32,Semi-Urban,Other,409,1696.0,0.8,0.25,1,0,3,0.439,0.792,0,0.0,0.5,1,631
AFRI_000592,35,Urban,Abuja,123,30227.0,0.688,1.0,1,1,4,0.316,0.743,0,0.0,0.5,0,648
AFRI_000593,43,Urban,Abuja,282,44175.0,0.978,0.788,0,1,9,0.327,0.393,0,0.0,0.5,1,824
AFRI_000594,26,Semi-Urban,Lagos,201,36974.0,0.549,0.676,1,2,9,0.02,0.774,0,0.0,0.5,0,514
AFRI_000595,30,Urban,Ibadan,154,39500.0,0.911,0.297,1,1,9,0.303,0.767,0,0.0,0.5,0,350
AFRI_000596,21,Urban,Abuja,88,24158.0,0.811,0.756,1,2,1,0.278,0.815,0,0.0,0.5,1,402
AFRI_000597,32,Urban,Kano,276,10249.0,0.657,0.455,1,2,9,0.198,0.834,0,0.0,0.5,1,477
AFRI_000598,26,Urban,Enugu,113,10675.0,0.968,0.905,1,3,5,0.097,0.673,0,0.0,0.5,0,691
AFRI_000599,21,Rural,Enugu,36,21624.0,0.855,0.794,1,1,6,0.282,0.696,1,4.2,0.609,0,528
